50.9232266;6.9434608;Eifelplatz
50.9336615;6.9450868;Mauritiuskirche
50.8833126;6.9946554;Siegstraße (Stadtbahn)
50.9428732;6.8347392;Bf Lövenich
50.9380881;6.9714055;Deutzer Freiheit
50.9411625;6.9743231;Bf Deutz/Messe  LANXESS arena
50.942619;7.0424136;Kalker Friedhof
50.9443035;7.0486294;Merheim
50.9813178;7.0692682;Dellbrück S-Bahn
50.9762147;7.0411943;Holweide S-Bahn
50.9750408;7.0147628;Mülheim Berliner Straße
50.9080131;6.9192931;Klettenbergpark
50.9182254;6.9301528;Arnulfstraße
50.9355383;6.9323815;Moltkestraße
50.9366588;6.9254902;Universitätsstraße
50.9366838;6.9242529;Universitätsstraße
50.9365011;6.9330107;Moltkestraße
50.9361981;6.93975;Rudolfplatz
50.9510055;7.005068;Buchforst Waldecker Straße
50.8471128;6.9783575;Godorf Bf
50.8642043;7.003522;Sürth Bf
50.8760005;6.9990581;Michaelshoven
50.8908469;6.9901304;Rodenkirchen Bf
50.8998399;6.9848807;Heinrich-Lübke-Ufer
50.90634;6.9782024;Bayenthalgürtel
50.9142927;6.9719348;Schönhauser Straße
50.922458;6.9656608;Ubierring
50.9117164;6.923224;Sülzgürtel
50.9153799;6.9270383;Sülzburgstraße
50.9214148;6.9334577;Weißhausstraße
50.9246;6.9369529;Eifelwall
50.9258137;6.9308577;Universität
50.9307962;6.9401662;Zülpicher Platz
50.878866;7.119301;Köln/Bonn Flughafen Bf
50.9153433;7.0509042;Frankfurter Straße
50.9103284;7.0447441;K Airport Businesspark
51.0288228;6.8919829;Chorweiler Nord (S)
51.0211285;6.8977987;Chorweiler
51.0375407;6.8813538;Blumenberg (S)
50.9436789;6.9338669;Hans-Böckler-Platz/Bf West
50.940873;6.9750829;Bf Deutz/Messe  LANXESS arena
50.957059;6.9237157;Nußbaumerstraße
50.954966;6.9215922;Subbelrather Straße/Gürtel
50.9504384;6.9281727;Gutenbergstraße
50.9396469;6.9108201;Oskar-Jäger-Straße/Gürtel
50.936839;6.9165874;Melaten
50.9405098;6.940033;Friesenplatz
50.9507856;6.9590839;Ebertplatz
50.9541391;6.9644622;Reichenspergerplatz
50.9624144;6.9809837;Boltensternstraße
50.9660237;6.9877723;Slabystraße
50.9579926;6.9745125;Zoo/Flora
50.9173738;6.857609;Marsdorf
50.9693753;6.8728372;Bocklemünd
50.9716538;6.8702057;Schaffrathsgasse
50.9435048;6.9332108;Hans-Böckler-Platz/Bf West
50.9327911;6.9763699;Suevenstraße
50.9391525;6.9784049;Bf Deutz/Messe  LANXESS arena
50.9486393;6.9933709;Stegerwaldsiedlung
50.9557144;7.0003615;Grünstraße
50.9662686;7.0067891;Keupstraße
50.9703603;7.0113124;Von-Sparr-Straße
50.980661;7.0226678;Im Weidenbruch
50.9890901;7.0299033;Am Emberg
50.9961996;7.0374221;Leuchterstraße
50.9708459;6.9690545;Amsterdamer Straße/Gürtel
50.972334;6.9514272;Neusser Straße/Gürtel
50.9483207;6.9202904;Körnerstraße
50.9460194;6.9259056;Piusstraße
50.9238227;6.9798663;Poller Kirchweg
50.9359111;6.9709836;Deutzer Freiheit
50.9287869;6.9744825;Drehbrücke
50.9543833;6.9101259;Leyendeckerstraße
50.8848596;7.0592044;Porz Markt
50.9371598;6.899985;Maarweg
50.9374383;6.8899396;Eupener Straße
50.9372623;6.8944192;Clarenbachstift
50.965024;6.8849729;Wolffsohnstraße
50.9447574;6.9127151;Weinsbergstraße/Gürtel
50.9760731;6.8714997;Ollenhauerring
50.9398806;6.9742755;Bf Deutz/Messe  LANXESS arena
51.0141205;6.8932042;Volkhovener Weg
51.0118627;6.9553571;Fordwerke Mitte
51.0059474;6.9553434;Fordwerke Süd
51.0172334;6.9553507;Fordwerke Nord
50.8660413;7.0491102;Zündorf
50.8995251;7.0314874;Ensen Gilgaustraße
50.8995816;7.0306424;Ensen Gilgaustraße
50.9067383;7.0147185;Westhoven Kölner Straße
50.901424;7.0253093;Westhoven Berliner Straße
50.9012292;7.0258322;Westhoven Berliner Straße
50.9355779;6.9398502;Rudolfplatz
50.928975;6.9421476;Barbarossaplatz
50.9266343;6.945806;Eifelstraße
50.9241245;6.9517926;Ulrepforte
50.9381458;6.84464;Bahnstraße
50.9369972;6.9087698;Aachener Straße/Gürtel
50.9370131;6.9079464;Aachener Straße/Gürtel
50.9372587;6.9085232;Aachener Straße/Gürtel
50.936709;6.9083559;Aachener Straße/Gürtel
50.928137;6.9086049;Dürener Straße/Gürtel
50.9198421;7.0966258;Königsforst
50.920325;7.090107;Röttgensweg
50.9642618;6.9537868;Florastraße
50.8918424;7.0561426;Porz Steinstraße
50.9289796;6.9432429;Barbarossaplatz
51.0243839;6.9530997;Merkenich Mitte
50.957931;7.0250953;Buchheim Herler Straße
50.9236788;7.0667682;Steinweg
50.9171353;6.9071464;Sülz Hermeskeiler Platz
50.9569237;7.0123265;Bf Mülheim
51.0116361;6.9071309;Heimersdorf
50.9951058;6.9207546;Meerfeldstraße
50.9939738;6.9328185;Altonaer Platz
50.9919749;6.9410669;Wilhelm-Sollmann-Straße
50.9955187;6.9555085;Niehl
51.0022082;6.9552444;Geestemünder Straße
50.9525184;6.9236134;Liebigstraße
50.9165091;6.9414533;Pohligstraße
50.9612014;7.0309015;Wichheimer Straße
50.9668489;7.0389788;Holweide Vischeringstraße
50.9678755;7.0447228;Maria-Himmelfahrt-Straße
50.9369931;6.877761;Rheinenergie-Stadion
50.9586043;6.9417823;Nippes S-Bahn
50.9636132;6.9685034;Kinderkrankenhaus
50.9853131;6.9612189;Niehl Sebastianstraße
50.8970602;7.0473877;Ensen Kloster
50.9773958;6.9688305;Nesselrodestraße
50.857619;7.0795041;Wahn S-Bahn
50.8952875;7.0576899;Steinstraße S-Bahn
51.0180671;6.9553672;Fordwerke Nord
51.0281255;6.9479872;Merkenich
50.920088;6.8771644;Stüttgenhof
50.9260941;6.8990693;Brahmsstraße
50.9695491;7.0552449;Neufelder Straße/Krankenhaus Holweide
50.9718403;7.0643739;Dellbrück Mauspfad
50.9216502;7.0750909;Porzer Straße
50.9204272;7.080993;Rath-Heumar
50.9501453;6.9166764;Venloer Straße/Gürtel
50.9308435;6.9721569;Severinsbrücke
50.9476663;7.0728043;Flehbachstraße
50.9486867;7.0777096;Brück Mauspfad
50.9364011;6.938996;Rudolfplatz
50.948751;6.9516121;Hansaring
50.9674606;6.8785059;Westfriedhof
50.9053534;6.9420467;Zollstockgürtel
50.9098383;6.9413671;Gottesweg
50.9313812;6.9406314;Zülpicher Platz
50.9317732;6.9499566;Poststraße
50.9404526;6.8160574;Weiden West
50.9506364;6.9806745;Thermalbad
50.9374805;6.9986436;Kalk Post
50.9415765;7.0222838;Fuldaer Straße
50.9389426;7.0087446;Kalk Kapelle
50.9416095;7.0301715;Höhenberg Frankfurter Straße
50.9327817;7.0213434;Vingst
50.9856627;6.9463636;Scheibenstraße
50.9146177;7.0005309;Baumschulenweg
50.9260055;6.9307287;Universität
50.9283145;6.935896;Dasselstraße/Bf Süd
50.9127119;6.923071;Sülzgürtel
50.9145173;6.9204188;Berrenrather Straße/Gürtel
50.9163645;6.9178217;Euskirchener Straße
50.917234;6.9168617;Euskirchener Straße
50.9191306;6.9102546;Mommsenstraße
50.9210193;6.914777;Zülpicher Straße/Gürtel
50.9197329;6.9156157;Zülpicher Straße/Gürtel
50.9317283;6.9078157;Wüllnerstraße
50.9532104;7.0141194;Buchheim Frankfurter Straße
50.9357815;6.9477566;Neumarkt
50.9240411;6.9120456;Gleueler Straße/Gürtel
50.9955978;6.9112343;Longerich Friedhof
50.9961827;6.9141538;Longericher Straße
50.8742951;7.0601342;Rosenhügel
50.9445512;6.9422527;Christophstraße/Mediapark
50.9644684;6.9336544;Escher Straße
50.9519456;6.924897;Liebigstraße
50.9358419;6.9970539;Trimbornstraße
50.9363304;6.9469742;Neumarkt
50.94349;6.9819912;Koelnmesse
50.958602;6.9416432;Nippes S-Bahn
50.9592982;6.9546952;Lohsestraße
50.9784395;6.948726;Mollwitzstraße
50.9212571;6.9604343;Chlodwigplatz
50.9946677;6.9255022;Herforder Straße
51.0011229;7.0421957;Odenthaler Straße
51.001404;7.0424409;Odenthaler Straße
50.976251;7.0411795;Holweide S-Bahn
50.9813582;7.0692658;Dellbrück S-Bahn
50.9009689;6.9444945;Zollstock Südfriedhof
50.9440814;7.0478526;Merheim
50.9407623;6.8148326;Weiden West
50.9484031;6.8882053;Müngersdorf S-Bahn Technologiepark
50.9515601;6.9173475;Bf Ehrenfeld
50.883121;7.0644408;Bf Porz
50.9383072;6.8355402;Weiden Zentrum
50.9384086;6.8292639;Weiden Schulstraße
50.9379756;6.8554744;Mohnweg
50.9376586;6.8687053;Junkersdorf
50.9377119;6.8814919;Alter Militärring
50.9661907;7.0378198;Holweide Vischeringstraße
50.9774704;6.89813;Alter Flughafen Butzweilerhof
50.9412253;6.9507033;Appellhofplatz
50.9850581;6.8877605;Sparkasse Am Butzweilerhof
50.9683544;6.9055485;Margaretastraße
50.9740196;6.9047539;Rektor-Klein-Straße
50.9740164;6.9047095;Rektor-Klein-Straße
50.964929;6.9124243;Iltisstraße
50.9649081;6.9123821;Iltisstraße
50.9586383;6.9182544;Lenauplatz
50.9483062;6.8882493;Müngersdorf S-Bahn Technologiepark
50.9569869;6.9022286;Äußere Kanalstraße
50.960862;6.8935115;Akazienweg
50.9411952;6.9754258;Bf Deutz/Messe  LANXESS arena
50.9534865;7.0043692;Buchforst S-Bahn
50.9581447;7.0135864;Bf Mülheim
50.9900174;7.0019274;Stammheim S-Bahn
50.9157291;6.8484318;Haus Vorst
50.9129489;6.9407607;Herthastraße
50.9130204;6.9407058;Herthastraße
50.9376262;6.8746697;Rheinenergie-Stadion
50.9199536;6.9860916;Raiffeisenstraße
50.9205121;6.9158729;Zülpicher Straße/Gürtel
50.9202111;6.9145854;Zülpicher Straße/Gürtel
50.9241202;6.9273152;Weyertal
50.9238463;6.9266553;Weyertal
50.9221657;6.9215216;Lindenburg (Universitätskliniken)
50.9224227;6.922058;Lindenburg (Universitätskliniken)
50.9381779;6.8341471;Weiden Zentrum
50.9822922;6.8936512;IKEA Am Butzweilerhof
50.9402284;6.815686;Weiden West
50.9569581;7.0124058;Bf Mülheim
50.9745821;7.0745352;Dellbrück Hauptstraße
50.9708416;6.969094;Amsterdamer Straße/Gürtel
50.9723281;6.9512323;Neusser Straße/Gürtel
50.9175772;6.8587466;Marsdorf
50.9436086;6.9341307;Hans-Böckler-Platz/Bf West
50.9246466;6.9368128;Eifelwall
50.9452641;6.9127821;Weinsbergstraße/Gürtel
50.9293001;6.9577079;Severinstraße
51.0522707;6.851938;Worringen S-Bahn
51.0523042;6.8520929;Worringen S-Bahn
50.9357474;6.960314;Heumarkt
50.9490727;6.9517116;Hansaring
50.9448547;6.9420127;Christophstraße/Mediapark
50.935747;6.9603096;Heumarkt
50.9116708;6.9233192;Sülzgürtel
50.9155304;7.0524233;Frankfurter Straße
50.9101086;7.0449345;K Airport Businesspark
50.8827668;7.0647185;Bf Porz
51.0210596;6.8980399;Chorweiler
50.9697032;7.0558174;Neufelder Straße/Krankenhaus Holweide
50.9750513;7.0751777;Dellbrück Hauptstraße
50.972111;7.0654743;Dellbrück Mauspfad
50.9780785;7.0855043;Thielenbruch
50.9618343;7.0316426;Wichheimer Straße
50.9617267;7.0041676;Mülheim Wiener Platz
50.9417279;6.9572211;Dom/Hbf
50.9355157;6.9490133;Neumarkt
50.918342;6.9301369;Arnulfstraße
51.037572;6.8813741;Blumenberg (S)
51.0141137;6.8932593;Volkhovener Weg
51.0288425;6.8920279;Chorweiler Nord (S)
50.9153488;6.9271411;Sülzburgstraße
50.9127829;6.9231745;Sülzgürtel
50.938258;6.835043;Weiden Zentrum
50.92713;7.053817;Autobahn (Stadtbahn)
51.0211182;6.8978557;Chorweiler
50.9685597;6.9412635;Geldernstraße/Parkgürtel
50.9685728;6.9414871;Geldernstraße/Parkgürtel
50.9982216;6.9013292;Longerich S-Bahn
50.9982511;6.9014129;Longerich S-Bahn
50.9983571;6.9015804;Longerich S-Bahn
50.9272857;7.0533882;Autobahn (Bus)
50.9292179;7.0417481;Ostheim
50.9159852;6.9928117;Poll Salmstraße
50.9339154;7.0372901;Buchheimer Weg
50.9756506;6.8588755;Nattermannallee
50.9362775;6.947963;Neumarkt
50.9614325;7.0038334;Mülheim Wiener Platz
50.9843165;7.082252;Paffrather Straße
50.9902722;7.0554741;Kalkweg
50.9361981;6.93975;Rudolfplatz
50.8811668;7.0729736;Feuerwache
50.9524297;6.9246305;Liebigstraße
50.9417582;6.9571733;Dom/Hbf
50.8563327;7.0255437;Porz-Langel Nord
50.8588276;6.9590036;Immendorf
50.9581255;6.9409272;Nippes S-Bahn
50.9635792;6.8743175;Steinkauzweg
50.9634764;6.8752101;Steinkauzweg
50.9646116;6.8785661;Kolkrabenweg
50.9613627;6.872146;Bachstelzenweg
50.9583731;6.8731674;Goldammerweg
50.9624169;6.9403219;Nievenheimer Straße
50.9654795;6.9400777;Ludwigsburger Straße
50.9688897;6.9163526;Butzweilerstraße
50.9610183;6.9014324;Häuschensweg
50.9630736;6.9002219;Feltenstraße
50.9729052;6.9463444;Bergstraße
50.9725245;6.9515088;Neusser Straße/Gürtel
50.9781692;6.9285483;Longericher Straße/Etzelstraße
50.9807278;6.9181705;Robert-Perthel-Straße
50.9840239;6.9128704;Longericher Straße Nord
50.9468724;6.8904184;Technologiepark Köln
50.9554915;6.8845437;Falkenweg
50.9626517;6.9502427;Wilhelmstraße
50.9596717;6.9501911;Zonser Straße
50.968164;6.8954587;Erlenweg
50.9582225;6.9048026;Borsigstraße
50.9583285;6.9046033;Borsigstraße
50.9583016;6.9083538;Marienstraße
50.9771788;6.935622;Schmiedegasse
50.9903488;6.9063902;Dädalusring
50.9971014;6.9060683;Dionysstraße
50.9759857;6.945883;Nordfriedhof
50.9841206;6.8703306;Schumacherring
50.9091225;7.0508219;August-Horch-Straße
50.9803512;6.8577885;Dohmengasse
50.9766476;6.8655496;Nüssenberger Straße
50.9762597;6.8708179;Ollenhauerring
50.9810077;6.8594328;Dohmengasse
50.9773273;6.8853938;Von-Hünefeld-Straße
50.9537077;6.9278634;Schadowstraße
50.9543086;6.9294017;Schirmerstraße
50.9543804;6.9295836;Schirmerstraße
50.9536441;6.9277018;Schadowstraße
50.9561392;6.9336897;Pettenkoferstraße
50.9567238;6.9352829;Methweg
50.9566065;6.935407;Methweg
50.9741302;6.8910864;Bleriotstraße
50.9776769;6.892437;Hugo-Eckener-Straße
50.9715221;6.891054;Mühlenweg
50.9570786;6.9120249;Takustraße
50.9558756;6.9149964;Lessingstraße
50.9832103;6.8650849;Heinrich-Mann-Straße
50.9800568;6.8650956;Görlinger Zentrum
50.983393;6.8653321;Heinrich-Mann-Straße
50.9642937;6.827912;Brennerei
50.9629606;6.8304389;Blaugasse
50.9606236;6.8298555;Blaugasse
50.9680813;6.8412575;Indianapolis-Straße
50.9676957;6.8388806;Im Buschfelde
50.9730707;6.86573;Grevenbroicher Straße
51.0058559;6.853897;Hermann-Löns-Straße
51.0025998;6.852972;Auweiler
50.9648991;6.9127647;Iltisstraße
50.9653755;6.946569;Sankt Vinzenz-Hospital
50.9594405;6.9446974;Sechzigstraße
50.9732835;6.9254929;Am Bilderstöckchen
50.9690926;6.935977;Frankenthaler Straße
50.9689399;6.9365268;Frankenthaler Straße
50.9750366;6.9294787;Mülhauser Straße
50.9691191;6.9317085;Ebernburgweg
50.9745347;6.939694;Nibelungenplatz
50.975273;6.9496328;Friedrich-Karl-Straße/Neusser Straße
50.9751262;6.949299;Friedrich-Karl-Straße/Neusser Straße
51.0102862;6.8957926;Stallagsweg
50.9735291;6.9561858;Niehler Kirchweg
50.9770265;6.9606982;Drosselweg
50.9465835;6.8854596;Widdersdorfer Straße
50.9520401;6.8623982;Am Lindenweg
50.9459933;6.859517;Flachsweg
50.9477894;6.8511979;Roggenweg
50.9454905;6.8530197;Leinsamenweg
51.0648995;6.8599625;An den Kaulen
51.0608164;6.8728733;Worringen Süd
51.0177914;6.834705;Sinnersdorfer Mühle
50.977682;6.8969728;Alter Flughafen Butzweilerhof
50.9775047;6.8975004;Alter Flughafen Butzweilerhof
50.9663266;6.8979242;Emilstraße
50.9694411;6.8729913;Bocklemünd
50.9355779;6.9398502;Rudolfplatz
50.9430869;6.960087;Breslauer Platz/Hbf
50.9649896;6.9536866;Florastraße
50.9679759;6.9790249;Seniorenzentrum Riehl
51.023323;6.882343;Weiler
50.9494988;6.9162821;Venloer Straße/Gürtel
50.9776638;7.0325438;Am Springborn
50.9745705;7.0145273;Mülheim Berliner Straße
50.977209;6.8854391;Von-Hünefeld-Straße
50.8447194;7.007538;Porz-Langel Kirche
50.8485891;7.0095958;Porz-Langel Zur Eiche
50.8506212;7.0125398;Rheinbergstraße
50.9490721;6.915464;Venloer Straße/Gürtel
50.9450638;6.9119846;Weinsbergstraße/Gürtel
51.0284425;6.9479223;Merkenich
50.8983241;6.9754981;Marienburg Südpark
50.8759579;7.0840046;Friedrich-Hirsch-Straße
50.9259408;6.8616084;Willi-Lauf-Allee
50.8723998;7.0832362;Elsdorf
50.8621108;7.0840386;Nachtigallenstraße
50.8580141;7.0859894;Wahn Kirche
50.8392653;7.0731359;Libur Margaretenstraße
50.8382836;7.0695537;Libur Kirche
50.9373915;6.8676463;Junkersdorf
50.897012;7.0612793;Stresemannstraße
50.9992159;6.8695687;Pesch Schulstraße
50.9989691;6.8694915;Pesch Schulstraße
50.9961955;6.8724271;Heinering
50.9958608;6.8725287;Heinering
50.998737;6.877648;Johannesstraße
51.0002455;6.8788593;Otto-Müller-Straße
51.0008242;6.8782867;Otto-Müller-Straße
50.999844;6.882362;Pescher Weg
50.99961;6.8821893;Pescher Weg
51.004135;6.872871;Gewerbegebiet Pesch
51.004276;6.873197;Gewerbegebiet Pesch
51.0001331;6.8926358;Marienberger Weg
51.048896;6.8512725;Walter-Dodde-Weg
51.0488012;6.8513445;Walter-Dodde-Weg
51.0044575;7.0685788;Hardthof
50.9819393;7.0790703;Bergisch Gladbacher Straße
50.8583816;7.0918905;Kornblumenweg
50.979538;7.0728352;Möhlstraße
50.9818202;7.0684527;Anemonenweg
50.9981153;7.0516409;Im Wirtskamp
50.9986539;7.0541132;Waldbad
50.9260555;6.8615772;Willi-Lauf-Allee
50.9011243;7.0550621;Cheruskerstraße
50.8604479;6.9547056;Zaunhof
50.9811152;7.0688356;Dellbrück S-Bahn
50.9661419;6.9682544;Xantener Straße
50.9664608;6.9691299;Xantener Straße
50.9670261;6.9628507;Kretzerstraße
50.9670207;6.9639751;Kretzerstraße
50.9676585;6.9594518;Niehler Straße
50.9672909;6.9590226;Niehler Straße
50.9664227;6.9558065;Leipziger Platz
50.9668531;6.9533235;Nordstraße
50.9683125;6.9691764;Sprengelstraße
50.9154717;7.0910565;Alte Forststraße
50.9749123;7.0745524;Dellbrück Hauptstraße
50.9746435;7.0753066;Dellbrück Hauptstraße
50.9770078;7.0727635;Von-Quadt-Straße
50.9768456;7.0724417;Von-Quadt-Straße
50.9722109;7.0788658;Gemarkenstraße
50.9725031;7.0789313;Gemarkenstraße
50.9713088;7.0873772;Strundener Straße
50.9713439;7.0882633;Strundener Straße
50.9864948;7.0676828;Diepeschrather Straße
50.9867914;7.067478;Diepeschrather Straße
50.8573256;7.0855534;Wahn Kirche
50.9581921;6.9448498;Sechzigstraße
50.9585962;6.9394095;Osterather Straße
50.9983343;6.9362449;Bremerhavener Straße
50.9940338;7.0408697;Imbacher Weg
50.9918705;7.0430954;Lippeweg
50.9765323;7.0437738;Holweide S-Bahn
50.9717778;7.04101;Buschfeldstraße
50.9732566;7.0496916;Gerhart-Hauptmann-Straße
50.9728045;7.0491259;Gerhart-Hauptmann-Straße
50.9356738;6.9482005;Neumarkt
50.9645442;7.0621697;Am Leinacker
50.9644567;7.0622769;Am Leinacker
50.9667636;7.067523;Siedlung Mielenforst
50.9595676;7.0453142;Schlagbaumsweg
50.9612954;6.8723069;Bachstelzenweg
50.955522;6.8809691;Vogelsanger Markt
50.956191;6.8921119;Vogelsanger Straße
50.9574445;6.900822;Äußere Kanalstraße
50.9573824;6.9012314;Äußere Kanalstraße
50.9633668;7.0472201;Colonia-Allee
50.9632528;7.0472401;Colonia-Allee
50.9585179;7.0413576;Lacher Broch
50.9584708;7.0409623;Lacher Broch
50.9521118;7.0782792;Im Langen Bruch
50.9639026;7.0727388;Ostfriedhof
50.9640916;7.0728864;Ostfriedhof
50.9687382;7.074256;Thurner Kamp
50.9684349;7.0744454;Thurner Kamp
50.968048;7.0681257;Roteichenweg
50.967997;7.0681013;Roteichenweg
50.8634171;7.0410474;Zündorf Olefsgasse
50.8607499;7.0372045;Zündorf Ranzeler Straße
50.8663614;7.0452364;Zündorf Mitte
50.8663399;7.0415963;Zündorf Kirche
50.8658634;7.0485971;Zündorf
50.8581608;7.0795155;Wahn S-Bahn
50.9631366;7.0497075;Kochwiesenstraße
50.9307;6.9164816;Karl-Schwering-Platz
50.9332424;6.9342218;Roonstraße
50.9310111;6.9288273;Wiso-Fakultät
50.9255526;6.9154585;Leiblplatz
50.9266982;6.916667;Leiblplatz
50.9311368;6.9296489;Wiso-Fakultät
50.935397;6.9328022;Moltkestraße
50.9304638;6.9234583;Hildegardis-Krankenhaus
50.9306084;6.9226139;Hildegardis-Krankenhaus
50.931318;6.9178115;Karl-Schwering-Platz
50.9328671;6.9340394;Roonstraße
50.9361863;6.9324628;Moltkestraße
50.9696866;6.9270348;Alzeyer Straße
50.970354;6.9270819;Alzeyer Straße
50.968737;6.9165311;Butzweilerstraße
50.9242139;6.9130383;Gleueler Straße/Gürtel
50.9218215;6.9077095;Krieler Straße
50.9281202;6.9098566;Dürener Straße/Gürtel
50.9281041;6.9094545;Dürener Straße/Gürtel
50.9293002;6.9128928;Theresienstraße
50.929591;6.9133112;Theresienstraße
50.9262641;6.9011287;Kitschburger Straße
50.9264459;6.9018977;Kitschburger Straße
50.9708907;6.9693395;Amsterdamer Straße/Gürtel
50.9708491;6.968895;Amsterdamer Straße/Gürtel
50.9744384;6.9698879;Neven DuMont Haus
50.9748449;6.9729004;Riehl Betriebshof Nord
50.9725662;6.9761115;Pasteurstraße
50.9234022;6.9115294;Gleueler Straße/Gürtel
50.9212965;6.907105;Krieler Straße
50.9168653;6.900097;Deckstein
50.9277913;6.9183596;Geibelstraße
50.9281305;6.9186195;Geibelstraße
50.9582846;7.0254379;Buchheim Herler Straße
50.9196222;6.904547;Freiligrathstraße
50.9188959;6.9028108;Koppensteinstraße
50.9891394;6.9975416;Stammheimer Ring
50.9889952;6.9974305;Stammheimer Ring
50.9908535;6.9859139;Egonstraße
50.9907853;6.9861827;Egonstraße
50.9855004;6.9993979;Moses-Hess-Straße
50.9726586;6.9339848;Trifelsstraße
50.9691083;6.9397998;Geldernstraße/Parkgürtel
50.9766041;7.0351665;Eddaweg
50.9786125;7.0397202;Jasminweg
50.9825049;7.0373491;Torringer Weg
50.9823997;7.0367196;Torringer Weg
50.9811566;7.0320741;Honschaftsstraße
50.966642;7.0682098;Siedlung Mielenforst
50.9989976;7.034304;Mutzbach
50.9784097;6.9318582;Etzelstraße
50.9628601;6.9504366;Wilhelmstraße
50.9998052;7.0331456;Klosterhof
51.0066577;7.0277243;Leimbachweg
51.0067474;7.0272096;Leimbachweg
51.0040732;7.0297762;Am Portzenacker
50.9997566;7.0323712;Klosterhof
50.9972197;7.0455653;An der Walkmühle
50.9877059;7.0417109;Höhscheider Weg
50.9182879;6.9970569;Poller Holzweg
50.9183323;6.9967503;Poller Holzweg
50.9850282;7.004514;Neuer Mülheimer Friedhof
50.9660505;7.0600114;Heinz-Kühn-Straße
50.9266831;7.0952813;Baldurstraße
50.9326789;7.0914564;Friedhof Lehmbacher Weg
50.9326408;7.091289;Friedhof Lehmbacher Weg
50.9718253;7.0105734;Von-Sparr-Straße
50.9713083;7.0925794;Penningsfelder Weg
50.9712118;7.0926387;Penningsfelder Weg
50.9659908;7.0602896;Heinz-Kühn-Straße
50.9799295;6.8848853;Gunther-Plüschow-Straße
50.9898426;7.0007055;Stammheim S-Bahn
50.9979777;7.0259277;Am Weißen Mönch
51.0055507;7.0237915;Auguste-Kowalski-Straße
51.0002989;7.0295146;Hildegundweg
51.0012938;7.0293477;Hildegundweg
50.9402078;7.0864415;Kleinfeldchensweg
50.9402;7.0859309;Kleinfeldchensweg
50.9419204;7.0847818;Bückebergstraße
50.9417844;7.084557;Bückebergstraße
50.9925585;7.0481688;Wildpark
50.9927498;7.0483;Wildpark
50.9957416;7.0387263;Leuchterstraße
51.0024774;7.0630074;In der Hardt
50.9263966;6.9295995;Universität
50.9145596;6.9217078;Berrenrather Straße/Gürtel (Linie 131)
50.9159899;6.9269506;Sülzburgstraße
50.9155707;6.9283399;Sülzburgstraße
50.9247888;6.9367376;Eifelwall
51.0010281;6.9866609;Leopold-Gmelin-Straße
50.9060519;6.9763266;Bayenthalgürtel
50.9063079;6.9760609;Bayenthalgürtel
50.9045815;6.9719634;Goltsteinstraße/Gürtel
50.9046825;6.9710038;Goltsteinstraße/Gürtel
50.9036613;6.965578;Bonner Straße/Gürtel
50.9038887;6.9650139;Bonner Straße/Gürtel
50.90361;6.95807;Brühler Straße/Gürtel
50.90396;6.95797;Brühler Straße/Gürtel
50.90408;6.94904;Leichweg
50.90438;6.94925;Leichweg
50.9052605;6.9456409;Roisdorfer Straße
50.9061031;6.9453167;Roisdorfer Straße
50.9087869;6.9456836;Zollstocksweg
50.9092131;6.9454159;Zollstocksweg
50.9109549;6.9409404;Gottesweg
50.9109968;6.9410852;Gottesweg
50.9139045;6.9323808;Rhöndorfer Straße
50.9137539;6.9329324;Rhöndorfer Straße
50.9579453;6.9500538;Merheimer Platz
50.9827253;6.9606644;Graditzer Straße
50.9795397;6.9633725;Weidenpescher Straße
50.9798168;6.9634766;Weidenpescher Straße
50.9892695;6.961401;Merkenicher Straße
50.9901004;6.9614601;Merkenicher Straße
50.9948085;6.9558568;Niehl
50.9924301;6.958849;Halfengasse
50.9942277;6.9609908;Niehler Damm
50.9152347;6.9463912;Am Vorgebirgstor
50.9148221;6.946756;Am Vorgebirgstor
50.91721;6.94073;Pohligstraße
50.91734;6.9411;Pohligstraße
50.9224165;6.9380794;Justizzentrum
50.9221186;6.9381326;Justizzentrum
50.9267449;6.9377278;Südbahnhof
50.9253246;6.9370486;Eifelwall
50.90063;6.94521;Zollstock Südfriedhof
50.90104;6.94447;Zollstock Südfriedhof
50.9006755;6.9460753;Zollstock Südfriedhof
50.9002927;6.9513053;Liblarer Straße
50.900414;6.9522953;Liblarer Straße
50.8977783;6.951205;Heeresamt
50.89744;6.95146;Heeresamt
50.9018436;6.93727;Kendenicher Straße
50.9017836;6.93717;Kendenicher Straße
50.8988819;6.9320139;Oberer Komarweg
50.8985305;6.9312988;Oberer Komarweg
50.9022863;6.9369849;Kendenicher Straße
50.9016763;6.9365749;Kendenicher Straße
50.9051627;6.9392499;Brüggener Straße
50.90525;6.93915;Brüggener Straße
50.90464;6.94374;Zollstockgürtel
50.9048762;6.9437522;Zollstockgürtel
50.9066886;6.9367686;Bernkasteler Straße
50.9063688;6.9374041;Bernkasteler Straße
50.9097934;6.9290967;Siebengebirgsallee
50.9101034;6.9279067;Siebengebirgsallee
50.9125957;6.9236244;Sülzgürtel
50.9127057;6.9227744;Sülzgürtel
50.9486288;6.9650952;Sankt Vincenz-Haus
50.9489425;6.9654942;Sankt Vincenz-Haus
50.8538097;6.9211843;Engeldorfer Hof
50.8533749;6.9278502;Frankenstraße
50.8721157;6.9467433;Westerwaldstraße
50.8609982;6.9320899;Kettelerstraße
50.8787268;7.1198435;Köln/Bonn Flughafen Bf
50.9086351;7.0551627;Ettore-Bugatti-Straße
50.9066583;7.0564608;Auf dem Streitacker
50.9067002;7.0562334;Auf dem Streitacker
50.9095258;6.9628533;Mannsfeld
50.9095368;6.9629837;Mannsfeld
50.9096645;6.9618454;Mannsfeld
50.9098795;6.9619474;Mannsfeld
50.9072226;6.9597519;Rheinsteinstraße
50.9073972;6.959782;Rheinsteinstraße
50.904734;6.9578638;Brühler Straße/Gürtel
50.8614845;6.9743272;IKEA Godorf
50.9409273;6.9230252;Innere Kanalstraße
50.9447166;6.9135356;Weinsbergstraße/Gürtel
50.9245586;6.8973361;Hohenlind
50.9226518;6.9660486;Ubierring
50.8884305;7.0800774;Im Falkenhorst
50.8886032;7.0797955;Im Falkenhorst
50.8921798;7.0778841;Eil Kirche
50.8921798;7.0780643;Eil Kirche
50.8971821;7.0781874;Eil Heumarer Straße
50.8970642;7.0781931;Eil Heumarer Straße
50.88151;7.080851;Urbach Kaiserstraße
50.8814504;7.0810828;Urbach Kaiserstraße
50.904821;6.9573499;Brühler Straße/Gürtel
50.904252;6.964547;Bonner Straße/Gürtel
50.9012777;6.9654136;Gaedestraße
50.898642;6.9661327;Leyboldstraße
50.8954327;6.9669499;Arnoldshöhe
50.8886179;6.9666208;Wasserwerk
50.8811715;6.9623688;Lindenweg
50.8790945;6.9632501;Hochkirchen
50.8772931;6.9603295;Lerchenweg
51.0024235;7.0421389;Odenthaler Straße
50.9891926;7.0296478;Am Emberg
50.9970151;7.0369437;Leuchterstraße
50.9790974;7.0208312;Neurather Weg
50.9752708;7.0146877;Mülheim Berliner Straße
50.9713141;7.0098291;Von-Sparr-Straße
50.9611854;7.0034403;Mülheim Wiener Platz
50.9578478;6.9971251;Windmühlenstraße
50.9502502;6.982125;Thermalbad
50.9411265;6.9730672;Bf Deutz/Messe  LANXESS arena
50.9430846;6.9608965;Breslauer Platz/Hbf
50.932759;6.962833;Schokoladenmuseum
50.9285837;6.9589417;Severinstraße
50.9286163;6.9579595;Severinstraße
50.92629;6.958659;Rosenstraße
50.9241316;6.9602321;Severinskirche
50.9215422;6.9595896;Chlodwigplatz
50.9210036;6.9600954;Chlodwigplatz
50.9215336;6.9594768;Chlodwigplatz
50.917384;6.9642407;Alteburger Wall
50.9116843;6.9644751;Marktstraße
50.911592;6.9625814;Marktstraße
50.9166901;6.9610407;Alteburger Wall
50.9236763;6.9616018;Severinskirche
50.9117739;7.0540398;Hansestraße West
50.9156979;7.0528843;Frankfurter Straße
50.9158887;7.0526422;Frankfurter Straße
50.8631377;7.0368744;Zündorf Altersheim
50.8606623;7.0336232;Oberzündorf
50.9005617;7.0754398;Rudolf-Diesel-Straße
50.9014131;7.0761371;Rudolf-Diesel-Straße
50.8819958;7.0678195;Celsiusstraße
50.8822615;7.0676598;Celsiusstraße
50.9425877;6.954655;Andreaskloster
50.8815521;7.0829285;Urbach Kaiserstraße
50.8813897;7.0829285;Urbach Kaiserstraße
50.8639161;7.0544393;An Sankt Marien
50.880797;7.0974539;Waldstraße/Akazienweg
50.8812665;7.0983436;Waldstraße/Akazienweg
50.8802726;7.1032603;Grengel Mauspfad
50.8730099;7.0982993;Wiesenweg
50.879956;7.1108411;Köln/Bonn Flughafen Verwaltung
50.9873776;6.9920699;Gisbertstraße
51.0022311;7.042037;Odenthaler Straße
50.9749749;7.0142713;Mülheim Berliner Straße
50.9610721;7.0036121;Mülheim Wiener Platz
50.9577324;6.9969604;Windmühlenstraße
50.9501867;6.9821739;Thermalbad
50.9456285;6.9750183;Im Rheinpark
50.9415096;6.9735036;Bf Deutz/Messe  LANXESS arena
50.8745022;6.9505698;Bödinger Straße
50.979063;7.0128124;Von-Galen-Straße
50.9787461;7.0134165;Von-Galen-Straße
50.9816998;7.0083069;Bruder-Klaus-Siedlung
50.9818304;7.0082796;Bruder-Klaus-Siedlung
50.8469228;7.094443;Linder Kreuz
50.8468297;7.0942252;Linder Kreuz
50.9918045;6.9409966;Wilhelm-Sollmann-Straße
50.996011;6.9139745;Longericher Straße
50.9952222;6.9118632;Longerich Friedhof
51.0254849;6.9392234;Oranjehofstraße
51.0256252;6.9394551;Oranjehofstraße
50.9787916;7.0029033;Am Faulbach
50.9794374;7.0029251;Am Faulbach
50.9471061;6.8301601;Zaunstraße
50.9470628;6.8297739;Zaunstraße
50.9529092;7.0143412;Buchheim Frankfurter Straße
50.9972265;6.9814295;Am Feldrain
51.0009347;6.9802389;Edelhofstraße
50.9999901;6.9895461;Arthur-Hantzsch-Straße
50.9986169;6.9951364;Flittard Süd
51.000978;6.9799814;Edelhofstraße
51.0000705;6.9895859;Arthur-Hantzsch-Straße
50.9999301;6.9894743;Arthur-Hantzsch-Straße
50.9416994;7.0293708;Höhenberg Frankfurter Straße
50.9130282;7.055169;Hansestraße
50.9037477;7.0529083;Talweg
50.8969143;7.0648346;Theodor-Heuss-Straße
50.8735994;6.9374634;Friedhof Steinneuerhof
50.876657;6.9381069;Am Steinneuerhof
50.9456981;7.0812104;Olpener Straße
50.9492867;7.0792717;Brück Mauspfad
50.9449331;7.0812274;Olpener Straße
50.9493107;7.0790013;Brück Mauspfad
51.0028704;6.8896816;Lindweilerfeld
51.0032046;6.889628;Lindweilerfeld
50.9505776;6.9808219;Thermalbad
50.945672;6.9748917;Im Rheinpark
50.9420591;6.9730246;Bf Deutz/Messeplatz
50.9569407;7.0118802;Bf Mülheim
50.9571844;7.0118085;Bf Mülheim
50.9468304;7.0224898;Mülheimer Friedhof
50.9461404;7.0230229;Mülheimer Friedhof
50.9525425;7.0142331;Buchheim Frankfurter Straße
50.9500186;7.0177262;Beuthener Straße
50.9498509;7.018466;Beuthener Straße
50.941569;7.0226907;Fuldaer Straße
50.9415714;7.0225423;Fuldaer Straße
50.938739;7.01965;Würzburger Straße
50.9390174;7.0195637;Würzburger Straße
50.9361523;7.0212154;Oranienstraße
50.9363568;7.0212699;Oranienstraße
50.9327581;7.0217774;Vingst
50.9328162;7.0216323;Vingst
50.9284095;7.0172299;Kürtenstraße
50.9284735;7.0170828;Kürtenstraße
50.9267378;7.0110459;Gremberg
50.9272316;7.0079603;Wiedstraße
50.9292679;6.9993673;Rolshover Straße
50.9287309;7.0003267;Rolshover Straße
50.9313219;6.993921;Weilburger Straße
50.9314348;6.9937637;Weilburger Straße
50.9299968;6.9973056;Esserstraße
50.9301076;6.9964118;Esserstraße
50.9340673;6.9943596;Feldbergstraße
50.9355972;6.993783;Deutzer Ring
50.93546;6.9940234;Deutzer Ring
50.9358693;6.991655;Betzdorfer Straße
50.9365656;6.9859781;Deutz-Kalker Bad
50.9363408;6.9862899;Deutz-Kalker Bad
50.9381952;6.9781929;Bf Deutz/Messe  LANXESS arena
50.9613264;7.0059425;Mülheim Wiener Platz
50.9617943;7.005507;Mülheim Wiener Platz
50.966468;7.0065168;Keupstraße
50.9688349;7.0068662;Dünnwalder Straße
50.9687287;7.0064993;Dünnwalder Straße
50.9732563;7.0060323;Von-Lohe-Straße
50.9735863;7.0062985;Von-Lohe-Straße
50.9866688;6.9998013;Moses-Hess-Straße
50.988769;6.9993244;Stammheimer Ring
50.989771;7.0008038;Stammheim S-Bahn
50.9666296;7.0062323;Keupstraße
50.925387;6.9297626;Universität
50.912479;6.9674022;Koblenzer Straße
50.8738703;6.9545441;Rondorf
50.8757095;6.9574637;Habichtstraße
50.9986248;6.9970042;Flittard Süd
50.9982804;6.9966716;Flittard Süd
50.9986856;6.9950945;Flittard Süd
51.0011905;6.9864363;Leopold-Gmelin-Straße
51.0010217;6.9863397;Leopold-Gmelin-Straße
50.9815749;7.0781646;Bergisch Gladbacher Straße
50.9500536;7.0432232;Bevingsweg
50.9500909;7.0427031;Bevingsweg
50.9442236;7.0481158;Merheim
50.9509864;7.0501647;Broichstraße
50.9551244;7.0502945;Eggerbachstraße
50.9442343;7.0478027;Merheim
50.9379523;6.8821196;Alter Militärring
50.9406619;6.8798766;Wendelinstraße
50.9431504;6.882296;Vitalisstraße Süd
51.0186391;6.9176312;Seeberg
50.9395024;6.9776151;Bf Deutz/Messe  LANXESS arena
50.9398472;6.9763302;Bf Deutz/Messe  LANXESS arena
51.0125962;6.8576891;Chorbuschstraße
51.0126192;6.8577589;Chorbuschstraße
51.0124936;6.9079627;Heimersdorf
51.0170587;6.9024978;Herstattallee
51.0167405;6.9041036;Herstattallee
51.0075559;6.9296665;Esso
51.0029654;6.9332501;Am Nordpark
51.0131035;6.9245956;Paul-Reifenberg-Straße
51.0136267;6.923805;Paul-Reifenberg-Straße
50.9440183;6.8296474;Braugasse
50.944093;6.8294436;Braugasse
50.9463302;6.8326085;Seithümerstraße
50.9511381;6.8287153;An der Ronne
50.9513131;6.8288466;An der Ronne
50.9369923;6.9578747;Gürzenichstraße
50.9386568;6.958082;Rathaus
50.9362764;6.9596608;Gürzenichstraße
50.9378974;6.9581659;Rathaus
50.9359634;6.9245156;Universitätsstraße
50.930517;6.9265165;Bachemer Straße
50.9358519;6.9249287;Universitätsstraße
50.9306049;6.9269618;Bachemer Straße
50.8876367;6.9242681;Güterverkehrszentrum
50.9043172;6.9643034;Bonner Straße/Gürtel
50.926894;6.961364;Rosenstraße
50.9249803;6.9653245;Rheinauhafen
50.9611918;6.8363889;Zum neuen Kreuz
50.9558853;6.9146994;Lessingstraße
50.9250611;6.9656024;Rheinauhafen
50.9581415;7.0095433;Graf-Adolf-Straße
50.9426467;6.9187787;Mechternstraße
50.9254365;7.0951494;Baldurstraße
50.9198129;7.0974651;Königsforst
50.9297623;7.0473923;Servatiusstraße
50.9015513;6.973338;Marienburger Straße
50.9010776;6.9738852;Marienburger Straße
51.052707;6.9145763;Langel Fähre
51.0510614;6.9163251;Langel Nord
51.0485591;6.920048;Langel Mohlenweg
51.0461512;6.9248116;Langel Kuhlenweg
51.0394325;6.9327616;Rheinkassel
51.0366193;6.939553;Kasselberg
51.0307359;6.9517195;Schlettstadter Straße
51.0267716;6.9284755;Rheinlandstraße
51.0303412;6.9228428;Edsel-Ford-Straße
51.0321292;6.9196832;Robert-Bosch-Straße
51.0343092;6.9234876;Feldkasseler Weg
51.0352133;6.9230799;Feldkasseler Weg
51.0338909;6.9284873;Marconistraße
51.035834;6.9290237;Marconistraße Ost
51.0380063;6.9224791;Morsestraße
51.0274059;6.9100677;Merianstraße
51.0270793;6.9112096;Merianstraße
51.0312984;6.9066099;Haus Fühlingen
51.0308513;6.9066636;Haus Fühlingen
51.0359482;6.9034128;Fühlingen
51.0367717;6.9028625;Fühlingen
51.0267112;6.9095981;Merianstraße
51.0239161;6.9039151;Karl-Marx-Allee
51.0239863;6.904231;Karl-Marx-Allee
51.0222746;6.8928472;Florenzer Straße
51.0223555;6.8926326;Florenzer Straße
51.0258782;6.894891;Weichselring
51.025642;6.8949446;Weichselring
51.0262291;6.8961999;Weichselring
51.0265665;6.8963823;Weichselring
51.0209079;6.8879226;Fühlinger Weg
51.0202162;6.888164;Fühlinger Weg
51.0141505;6.8928064;Volkhovener Weg
51.0143572;6.8925044;Volkhovener Weg
51.0072936;6.8894086;Unnauer Weg
51.0058084;6.8905351;Unnauer Weg
50.9999818;6.8925253;Marienberger Weg
50.9988644;6.9031147;Longerich S-Bahn
50.9991345;6.9030825;Longerich S-Bahn
50.9992898;6.9018057;Longerich S-Bahn
50.9993472;6.902074;Longerich S-Bahn
50.9989076;6.911996;Stommeler Straße
50.9989319;6.9123951;Stommeler Straße
50.997281;6.9072351;Dionysstraße
50.9954579;6.9017097;Lindweilerweg
50.9953194;6.9016132;Lindweilerweg
50.9908317;6.9059128;Dädalusring
50.9879243;6.909861;Hugo-Junkers-Straße
50.9872861;6.9105315;Hugo-Junkers-Straße
50.9839733;6.9125754;Longericher Straße Nord
50.9809338;6.9181812;Robert-Perthel-Straße
50.9769551;6.9216627;CöllnParc
50.9772186;6.9212818;CöllnParc
50.9749792;6.9296557;Mülhauser Straße
50.9727464;6.9341511;Trifelsstraße
50.968686;6.9398856;Geldernstraße/Parkgürtel
50.9739929;6.9463498;Bergstraße
50.9758506;6.9458133;Nordfriedhof
50.9261591;6.8992243;Brahmsstraße
50.9260036;6.8988917;Brahmsstraße
50.9251751;6.8968264;Prälat-van-Acken-Straße
50.9184356;6.9023196;Koppensteinstraße
50.9407971;6.9230681;Innere Kanalstraße
50.9425751;6.9187283;Mechternstraße
50.9434772;6.91674;Geisselstraße
50.9433661;6.9167864;Geisselstraße
50.9560176;6.9338372;Pettenkoferstraße
50.9584437;6.9412132;Nippes S-Bahn
50.958339;6.9411811;Nippes S-Bahn
50.9587276;6.9490721;Zonser Straße
50.957927;6.9497024;Merheimer Platz
50.9536633;6.9276662;Schadowstraße
50.9536464;6.9278217;Schadowstraße
50.9524737;6.9245226;Liebigstraße
50.952423;6.9246621;Liebigstraße
50.9381779;6.8341471;Weiden Zentrum
50.9383486;6.8353005;Weiden Zentrum
50.9171336;7.0814905;Eiler Straße
50.9171883;7.0816447;Eiler Straße
50.9146209;7.0813383;Schloß Röttgen
50.9144601;7.0815078;Schloß Röttgen
51.0432209;6.8499675;Im Wichemshof
51.0469578;6.8491521;Baptiststraße
51.0476728;6.8500426;Baptiststraße
50.8602844;6.9269007;Meschenich Kirche
50.9188702;7.0503213;Alter Deutzer Postweg
50.9188144;7.0500919;Alter Deutzer Postweg
50.9244899;7.0451524;Saarbrücker Straße
50.9249984;7.0451242;Saarbrücker Straße
50.9322888;7.0788718;Lehmbacher Weg Friedhof
50.9700092;6.8568384;WDR
50.9432401;6.8339824;Bf Lövenich
50.9434969;6.8328022;Bf Lövenich
50.9486884;6.8253135;Brauweiler Straße
50.9485329;6.8250345;Brauweiler Straße
50.9370758;6.9950496;Walter-Pauli-Ring
50.9372251;6.9951013;Walter-Pauli-Ring
50.9520589;6.9188742;Bf Ehrenfeld
51.0435062;6.8475133;Further Straße
50.9402284;6.815686;Weiden West
50.9645976;6.8286946;Brennerei
50.9746802;6.904479;Rektor-Klein-Straße
51.0118529;6.8620155;Am Braunsacker
51.01459;6.8465532;Johannes-Prassel-Straße
51.01327;6.8569884;Chorbuschstraße
51.0121737;6.8613357;Am Braunsacker
51.013013;6.8585931;Chorbuschstraße
51.0136853;6.8553392;Esch
51.0139732;6.8543131;Esch
51.0145469;6.8473964;Johannes-Prassel-Straße
51.0514376;6.9159801;Langel Nord
51.0486656;6.9202609;Langel Mohlenweg
51.0464195;6.9247026;Langel Kuhlenweg
51.0144806;6.9126804;Am Hetzepetsch
51.0142376;6.9126375;Am Hetzepetsch
50.9380171;6.8679663;Junkersdorf
50.9415343;7.0507989;Ostmerheimer Straße
50.94159;7.050913;Ostmerheimer Straße
50.9360947;7.0519911;LVR Kliniken
50.9393201;7.0495207;Klinikum Merheim
50.939164;7.0491842;Klinikum Merheim
50.929943;7.0467177;Servatiusstraße
50.9286154;7.0558323;Autobahn (Bus)
50.9287472;7.055683;Autobahn (Bus)
50.9283367;7.060299;Rösrather Straße
50.9292685;7.0597133;Rösrather Straße
50.9314688;7.0556411;Ludwig-Quidde-Platz
50.9349387;7.0628163;Straßburger Platz
50.938045;7.0643596;Europaring
50.9390687;7.0616628;Europaring
50.9359524;7.0589789;Straßburger Platz
50.9433262;7.0632853;Wiehler Straße
50.942565;7.0644026;Wiehler Straße
50.9449093;7.0602582;Gewerbegebiet Broichstraße
50.9445528;7.0599884;Gewerbegebiet Broichstraße
50.9421269;7.0547093;Hopfenstraße
50.9420157;7.0547976;Hopfenstraße
50.946602;6.8912552;Technologiepark Köln
50.9420187;6.879317;Am Serviesberg
50.9432281;6.882178;Vitalisstraße Süd
50.9379066;6.8811674;Alter Militärring
50.9408767;6.8616691;Schwindstraße
50.9400504;6.8802747;Wendelinstraße
50.9460043;6.8875524;Josef-Lammerting-Allee
50.9453866;6.9072113;Oskar-Jäger-Straße
50.9540188;6.9197262;Subbelrather Straße/Gürtel
50.9538659;6.9197556;Subbelrather Straße/Gürtel
50.9451335;6.9121444;Weinsbergstraße/Gürtel
50.9812223;7.0691031;Dellbrück S-Bahn
50.8631635;7.0935425;Albin-Köbis-Weg
50.8629844;7.0894292;Schulzentrum Wahn
50.9541484;6.9506503;Krefelder Wall
50.9540943;6.9502415;Krefelder Wall
51.0411987;6.900638;Arenzhof
51.043604;6.8982076;Mennweg
51.0409424;6.9007024;Arenzhof
51.0568645;6.8826677;Alte Römerstraße
50.9714966;6.9772182;Pasteurstraße
50.9692784;6.9787679;Barbarastraße
50.8658227;7.1066761;Lucasstraße
50.8722728;7.1073779;Kaserne Nordtor
50.8637747;7.0998033;Bieselweg
50.9643726;6.9766217;Riehler Gürtel
50.9650591;6.9767349;Riehler Gürtel
50.9357731;6.8328259;Ostlandstraße
50.9351704;6.826683;Üsdorf
50.935851;6.8331124;Ostlandstraße
50.9349541;6.8268545;Üsdorf
50.9663275;6.8342724;Widdersdorf
50.9635755;6.8303978;Adrian-Meller-Straße
50.9635263;6.8302547;Adrian-Meller-Straße
50.9050997;7.0773058;Hansestraße Süd
50.9055484;7.0767383;Hansestraße Süd
50.9101728;7.0704951;Maarhäuser Weg
50.9096998;7.0705194;Maarhäuser Weg
50.9142964;7.0610794;Welserstraße
50.9140259;7.0607576;Welserstraße
50.8953913;7.0580007;Steinstraße S-Bahn
50.8953101;7.0578668;Steinstraße S-Bahn
50.8919289;7.0562649;Porz Steinstraße
50.9324344;6.9554769;Waidmarkt
50.9381395;6.834387;Weiden Zentrum
50.9384853;6.8341058;Weiden Zentrum
50.9793147;7.0214044;Neurather Weg
50.989005;7.0297052;Am Emberg
50.9967761;7.0370401;Leuchterstraße
50.9332809;6.957612;Mühlenbach
50.9307796;6.9510471;Rothgerberbach (Poststraße)
50.9302315;6.9479768;Rothgerberbach (Poststraße)
50.9282533;6.9424488;Barbarossaplatz
50.9284999;6.9409176;Barbarossaplatz
50.9170678;6.9236715;Sülzburgstraße/Berrenrather Straße
50.9147812;6.9214944;Berrenrather Straße/Gürtel
50.9215653;6.9334029;Weißhausstraße
50.9215539;6.9338382;Weißhausstraße
50.907489;6.9136321;Scherfginstraße
50.9202258;6.9275441;Konradstraße
50.972236;6.9140409;Franziska-Anneke-Straße
50.9720802;6.9140928;Franziska-Anneke-Straße
50.9357785;6.9916774;Betzdorfer Straße
50.9333752;6.9938886;Feldbergstraße
50.9338253;7.001026;Gießener Straße
50.9373226;6.9982163;Kalk Post
50.9350217;6.9981506;Trimbornstraße
50.9350469;6.9972444;Trimbornstraße
50.9336993;7.0009926;Gießener Straße
50.937545;6.9988644;Kalk Post
50.9314714;7.0009255;Wattstraße
50.9320477;7.0008717;Wattstraße
50.9286213;7.0000052;Rolshover Straße
50.9656743;6.9124472;Iltisstraße
50.9645099;6.9113183;Iltisstraße
50.9612591;6.9736274;Bodinusstraße
50.9509016;6.957991;Ebertplatz/Riehler Straße
50.9538902;6.9634422;Reichenspergerplatz
50.9552663;6.9670464;Worringer Straße
50.9691812;6.9785209;Barbarastraße
50.9257572;7.0106233;Gremberg
50.9261191;7.0085862;Wiedstraße
50.9291481;6.9998496;Rolshover Straße
50.9217344;6.999373;Taubenholzweg
50.9162734;6.9948404;Poll Salmstraße
50.9262814;6.9994993;Sauerlandstraße
50.9166264;6.9947471;Poll Salmstraße
50.9213789;6.9987694;Taubenholzweg
50.9390423;7.0087857;Kalk Kapelle
50.9389995;7.0093168;Kalk Kapelle
50.9400553;7.0109838;Eythstraße
50.9399384;7.0109351;Eythstraße
50.9445174;7.0050073;Remscheider Straße
50.9425762;7.0082303;Steinmetzstraße
50.9433967;7.0093789;Steinmetzstraße
50.9442933;7.0079256;Remscheider Straße
50.9513551;7.0051552;Buchforst Waldecker Straße
50.953366;7.0044361;Buchforst S-Bahn
50.9556158;7.0041111;Kieler Straße
50.9561593;7.0049505;Kieler Straße
50.9583463;7.0097156;Graf-Adolf-Straße
50.9534147;7.0043603;Buchforst S-Bahn
50.951294;7.0047126;Buchforst Waldecker Straße
50.9629012;7.0125969;Montanusstraße
50.9649041;7.0220494;Mülheimer Ring
50.9631177;7.0130181;Montanusstraße
50.9644987;7.0207664;Mülheimer Ring
50.9656889;7.0257581;Gronauer Straße
50.9624849;7.0273709;Gauweg
50.9624619;7.0271923;Gauweg
50.9656019;7.0263004;Gronauer Straße
50.8585591;6.9745207;Otto-Hahn-Straße
50.9131901;6.9830369;Schüttewerk
50.9141142;6.9958639;Siegburger Straße
50.9112218;6.9936904;Im Wasserfeld
50.9113629;6.9853133;Alfred-Schütte-Allee
50.9135226;6.9831307;Schüttewerk
50.9116312;6.9896832;Poll Hauptstraße
50.9103677;6.9982263;Zündorfer Weg
50.9111663;6.9894774;Poll Hauptstraße
50.9117811;6.9845366;Alfred-Schütte-Allee
50.9151035;6.9931687;Siegburger Straße
50.9415604;6.8586341;Böcklinstraße
50.9422837;6.8531945;Egelspfad
50.9421958;6.8450084;Stormstraße
50.9423175;6.8414143;Weiden Sportplatz
50.9419592;6.8286684;Selma-Lagerlöf-Straße
50.9387953;6.8263295;Frechener Weg
50.93555;6.8397299;Göttinger Straße
50.9354215;6.8457595;Diepenbeekallee
50.9310738;6.8430022;Bistritzer Straße
50.9306546;6.8521109;Beethovenstraße
50.928227;6.8545571;Sterrenhofweg
50.9274696;6.8658009;Wiener Weg
50.9269624;6.8685046;Eichenstraße
50.9471103;6.840395;Dieselstraße
50.947624;6.8476585;Roggenweg
50.9502843;6.8684725;Belvederestraße
50.9453055;6.8727639;Kämpchensweg
50.9420066;6.8752745;Herrigergasse
50.9323621;6.9562083;Waidmarkt
50.9301614;6.9570157;Severinstraße
50.9577218;7.0117755;Bf Mülheim
50.9503789;6.8677268;Belvederestraße
50.8414729;7.1052546;Niederkasseler Straße
50.8411364;7.104279;Niederkasseler Straße
50.9523836;6.9188106;Bf Ehrenfeld
50.8426588;7.1012438;Spicher Straße
50.845133;7.1021464;Niederkasseler Straße/Kreisel
50.9043385;6.9718815;Goltsteinstraße/Gürtel
50.9092975;6.9698966;Tacitusstraße
50.9576777;7.0118595;Bf Mülheim
50.9692757;7.0165726;Oper im Palladium
50.9642957;7.0430914;Burgwiesenstraße
50.9642148;7.0431576;Burgwiesenstraße
51.0438897;6.8981906;Mennweg
50.9353887;6.8460185;Diepenbeekallee
50.9860224;6.9921224;Bonhoefferstraße
50.9877784;6.9920258;Friedhof Stammheim
50.9246247;6.9371042;Eifelwall
50.8914248;7.0562328;Porz Steinstraße
50.914453;6.9623942;Bonntor
50.8646264;7.0041655;Sürth Bf
50.8913086;6.9901842;Rodenkirchen Bf
50.8913283;6.9902736;Rodenkirchen Bf
51.069094;6.857457;Bitterstraße
51.069373;6.861072;Dornstraße
51.063128;6.860785;Friedhof Worringen
51.061426;6.85636;Hackhauser Weg
51.065087;6.864573;Mühlenweiher
51.067421;6.851548;Ramrather Weg
51.064047;6.864111;Sankt-Tönnis-Platz
51.064955;6.867837;Sankt-Tönnis-Straße
51.064582;6.853722;Wiedenfelder Weg
51.051871;6.851377;Worringen (S) Westseite
51.058678;6.858448;Üdesheimer Weg
50.978836;6.848701;Autobahn / B59
50.986978;6.858776;Auweilerweg
50.933911;6.860529;Birkenallee
51.021945;6.87587;Blockstraße
50.984684;6.860243;Buschweg
51.006597;6.871477;Donatusstraße
51.016693;6.859183;Esch Friedhof
51.006958;6.868962;Escher See
51.018148;6.881043;Friedhof Chorweiler
51.004588;6.874531;Gewerbegebiet Pesch-Nord
51.001146;6.87676;Kapellenweg
50.931488;6.857511;Kölner Weg
51.001194;6.873926;Mozartstraße
50.965905;6.841931;Palmenhof
50.962754;6.841276;Rosmarinweg
50.944036;6.821388;Saarstraße
50.942842;6.825024;Severinusstraße
50.966296;6.876602;Silbermöwenweg
50.947503;6.826984;Spitzangerweg
50.930488;6.864008;Südallee
50.959919;6.831731;Zur Abtei
51.003616;7.024947;Aeltgen-Dünwald-Straße
50.989281;6.892089;Am Coloneum
50.996476;7.038408;Amselstraße
50.9840597;7.0414446;Birkenweg Schleife
51.010831;6.989882;CHEMPARK Tor 10
51.007604;6.994116;Flittarder Feld
50.974658;6.959825;Friedrich-Karl-Straße/Niehler Straße
50.979338;7.049033;Goldregenweg
50.975985;7.049968;Grunerstraße
51.026982;6.88848;Havelstraße
51.033237;6.891023;Helaweg
50.975153;7.048554;Kühzällerweg
51.034178;6.886736;Langenbergstraße
50.982935;6.885061;Mathias-Brüggen-Straße
51.025606;6.889737;Moldaustraße
51.029988;6.893883;Neißestraße
51.030698;6.88925;Okerstraße
50.976907;6.90451;Ossendorf
51.005606;6.899042;Pulheimer Straße
50.982038;7.043682;Sigwinstraße
51.034037;6.884025;Staffelbergstraße
51.031152;6.893407;Swinestraße
51.035242;6.888581;Vogelsbergstraße
51.019878;6.886506;Weilerweg
51.03277;6.888605;Weserpromenade
51.021456;6.884669;Wezelostraße
51.012597;6.899434;Zypressenstraße
50.923811;6.9920369;Am Grauen Stein
50.945592;7.06983;Am Schildchen
50.962978;6.960139;Beuelsweg
50.962749;6.958568;Beuelsweg Nord
50.964808;7.017929;Carlswerkstraße
50.961177;6.954038;Cranachstraße
50.9591;7.000226;Danzierstraße
50.925505;6.992066;Deutzer Friedhof
50.931275;6.981562;Gebrüder-Coblenz-Straße
50.914176;7.065739;Hansestraße Ost
50.93489;6.961893;Heumarkt (Handwerkskammer)
50.946015;6.898105;Karnevalsmuseum
50.96138;6.963252;Kuenstraße
50.936466;6.977888;Reischplatz
50.966577;7.009853;Schanzenstraße
50.961136;6.958991;Schneider-Clauss-Straße
50.941802;6.907087;Stolberger Straße
50.94232;6.888828;Stolberger Straße/Eupener Straße
50.942028;6.89753;Stolberger Straße/Maarweg
50.933319;6.982203;Totilastraße
50.924588;6.99418;TÜV-Akademie
50.951219;6.894676;Vitalisstraße Nord
50.953025;6.899435;Vogelsanger Straße/Maarweg
50.868559;6.921716;Am Kreuzweg
50.862927;6.927954;Am Kölnberg
50.8755456;6.9949301;Am Neuen Forst
50.856932;6.923319;Auf der Freiheit
50.883101;6.969735;Bonner Landstraße
50.853597;6.975201;Bunsenstraße
50.90628;6.963819;Cäsarstraße
50.85903;6.928558;Engeldorfer Straße
50.894691;6.989705;Frankstraße
50.850378;6.971058;Friedhof Godorf
50.890476;7.00225;Grimmelshausenstraße
50.870033;6.978002;Hahnwald
50.880214;6.93688;Höningen Rondorfer Weg
50.883726;6.939452;Höningen Siedlung
50.856266;6.962333;Immendorf Schule
50.85383;6.965563;Immendorf Siedlung
50.872806;6.993489;Kirschbaumweg
50.890443;6.986062;Konrad-Adenauer-Straße
50.868788;6.991301;Mannesmannstraße
50.892752;6.9937;Maternusplatz
50.848595;6.97575;Pierstraße
50.875755;6.960205;Reiherstraße
50.891738;6.996592;Rodenkirchen Rathaus
50.884488;6.989744;Schillingsrotter Straße
50.887141;6.989644;Schwabenstraße
50.887862;6.997874;Siegfriedstraße
50.902782;7.060304;Am Hochkreuz
50.881731;7.092182;Antoniusstraße
50.892898;7.074492;Bonner Straße
50.890781;7.023021;Campingplatz
50.855263;7.118978;DLR
50.886339;7.074198;Dorotheenstraße
50.867771;7.017631;Ernst-Volland-Straße
50.877283;7.097718;Friedensstraße
50.888744;7.060838;Glashüttenstraße
50.8846786;7.0055626;Grüngürtelstraße
50.870879;7.020895;Hammerschmidtstraße
50.8557049;7.1129141;Kaserne Haupttor
50.883677;7.062541;Klingerstraße
50.88772;7.070649;Kopernikusschule
50.864685;7.011725;Kölnstraße
50.8510369;7.1091352;Linder Mauspfad
50.8497021;7.1036589;Linder Weg
50.875966;7.113402;Luftfracht Köln/Bonn
50.884908;7.080219;Marienplatz
50.862214;7.007425;Marktplatz Sürth
50.8534854;7.1047011;Nibelungenstraße
50.852984;7.018601;Porz-Langel Mühle
50.840671;7.006875;Porz-Langel Süd
50.872728;7.024359;Ritterstraße
50.890405;7.00846;Rodenkirchen Bismarckstraße
50.886381;7.002873;Sankt-Joseph-Kirche
50.885505;7.07101;Siemensstraße
50.8597822;7.1021139;Sportplatzstraße
50.8478287;7.1003255;Troisdorfer Straße
50.891769;7.009782;Uferstraße
50.878259;7.087568;Urbach Friedhof
50.881431;7.082896;Urbach Waldstraße
50.883203;7.071114;Voltastraße
50.85251;7.089837;Wahn Friedhof
50.877282;7.026846;Weiß Friedhof
50.860387;7.004559;Wesselinger Straße
50.879031;7.021116;Zum Hedelsberg
50.8482681;7.100885;Troisdorfer Straße
50.8498181;7.1036356;Linder Weg
50.9281248;7.0024565;Lüderichstr.
50.9091214;7.0508245;August-Horch-Straße
50.9130304;7.0551664;Hansestraße
50.8916003;7.0694114;Humboldtstraße
50.8970296;7.0612733;Stresemannstraße
50.8510857;7.1093891;Linder Mauspfad
50.8684523;7.0446659;Zündorf Marktstraße
50.9843187;7.0415743;Birkenweg
50.8505452;7.1098565;Linder Mauspfad
50.8469217;7.0944446;Linder Kreuz
50.8573341;7.1082441;Scheuermühlenstraße
50.8587388;7.1080248;Scheuermühlenstraße
50.8558838;7.1126579;Kaserne Haupttor
50.8588241;7.10077;Guntherstraße
50.8589769;7.1007839;Guntherstraße
50.8636519;7.0998218;Bieselweg
50.865713;7.106821;Lucasstraße
50.9593987;7.0450867;Schlagbaumsweg
